id,image,gig_id,is_thumbnail,deleted_at,created_at,updated_at
00b22023-dd7a-4c37-8715-8e12b335d2ff,sNDf9mXv5KSmCgxMStVKSQYQFrMwyDTW.jpg,c3c9fc7a-8ef9-44a4-9a93-080b6d948e91,1,,2023-05-31 23:03:45,2023-05-31 23:03:45
07038e3f-7cac-477f-8a9b-527182be6ef1,ogZ1Fi687m0Ykol0379L8jLN0yW8WO8R.jpg,ce59d42f-00f2-424e-818b-4cb885100b4c,0,,2023-05-31 23:03:42,2023-05-31 23:03:42
126eebf7-0bf2-481a-b587-56c62f1f113d,qD6kXW1ZvrRyH5S5KkVv1pKSZiuAYTJ8.jpg,cfdbb1df-68c9-47ed-922e-6a0fb38e32b8,0,,2023-05-31 23:03:41,2023-05-31 23:03:41
1343bb5c-866f-4d4e-8b6f-267472e4f8c0,QefT8bdQxtcUuB5EbdOSjINjbW6xYPpC.jpg,c439c6ed-5171-42cd-9d1e-165bc0ae2b87,1,,2023-05-31 23:03:44,2023-05-31 23:03:44
16d0df65-0ac9-4292-b041-e15b8185a1ec,as5xzBk9RCjTJ4xg2F2PMmbKslJk3UJh.jpg,28932168-9ce5-4b95-ae0f-14a65f20e058,0,,2023-05-31 23:03:45,2023-05-31 23:03:45
2068fe6e-ad45-40f9-bfed-61c46cc28c95,TLTDHpPhPDwMZM2e3xNt4ueM2A95B9Cs.jpg,d11b1089-dd72-427b-861e-468e8ec626c1,0,,2023-05-31 23:03:43,2023-05-31 23:03:43
25bfec3d-65e6-4a90-b5fc-862f606ca2b8,Fk8r1DqyYoIGkw0N5lCqK2uGIjMNbT47.jpg,9dc41559-0a46-4ffe-b6f5-afe9fe1aa0a3,0,,2023-05-31 23:03:45,2023-05-31 23:03:45
270baf8a-1fae-42fe-ae76-3d4fa0275576,diSOHJfQZ39jGN5Ex9QbjjydE0mwfCdL.jpg,12109cd7-0891-46bf-8970-7d18565affd7,1,,2023-05-31 23:03:45,2023-05-31 23:03:45
2f4cf0e3-aedd-4d1c-8cf3-4d298a19b095,QAWVK7z2cSgg6KRjfINUAS9LTth0xAH5.jpg,4e735530-c52a-4132-a12c-c93a439ac18b,0,,2023-05-31 23:03:42,2023-05-31 23:03:42
3034a505-8898-43ca-bf46-7f5532e82ba0,j2hCck6Zm9iEePMjY3pUVvrzxBw9Gat4.jpg,92cce5f7-f2bc-447a-bcc4-f72a75a3557b,1,,2023-05-31 23:03:42,2023-05-31 23:03:42
39690925-ec5e-4787-8794-d33de952e11f,0pgcrLNULeDf53VX4xkKfTThyhZ01L7E.jpg,ce59d42f-00f2-424e-818b-4cb885100b4c,1,,2023-05-31 23:03:42,2023-05-31 23:03:42
4844e44b-da4d-41aa-bb66-8f901f6a396e,cRG4XOAWZ99NYAvIEKYfIck339iE64Br.jpg,c9e9da85-43d6-4bbd-a7aa-22baeff56a2d,1,,2023-05-31 23:03:43,2023-05-31 23:03:43
54ef9ce1-3b1b-4445-aeb0-d417a63bd67e,Xo6nL67xBz9nVJXbHFqEGwwwZHa3RnEd.jpg,85a81312-43a2-4fca-ab56-5c344a555b7e,0,,2023-05-31 23:03:44,2023-05-31 23:03:44
59539dd7-9c53-4a6b-a071-a5adeaf6ed68,d6QUYg48gYxmXuEi5xJQnTHUWaSKpDff.jpg,b5901174-26ff-4f68-af87-13419cc2cf11,0,,2023-05-31 23:03:44,2023-05-31 23:03:44
5c002fbd-2e67-4991-a4ad-e80cc0e7f6d4,9PoNA8V7JPw83SCa28z5ghObgWBeGoAg.jpg,a3f53d63-98d9-437b-a277-b495e1c94baf,0,,2023-05-31 23:03:44,2023-05-31 23:03:44
5c3f7d05-8c27-4a8d-9548-5592f29e47c2,uDCdZlsBYwNta6gZK5D1UmJdu23NMt0q.jpg,c3c9fc7a-8ef9-44a4-9a93-080b6d948e91,0,,2023-05-31 23:03:45,2023-05-31 23:03:45
6089e2f6-0729-427a-b31b-d492d3de7c95,DhlEJh34SuYty2Icvg4ESqBQQdg7Wbna.jpg,189596a1-ad7b-459b-8d06-428fe775cd07,0,,2023-05-31 23:03:46,2023-05-31 23:03:46
6798e334-3571-4624-b59a-9cc2da99c392,1gRnYR2DGzEhtrgSGvreo58ifsvlcfDX.jpg,a3f53d63-98d9-437b-a277-b495e1c94baf,1,,2023-05-31 23:03:43,2023-05-31 23:03:43
727b589a-c25c-4562-a2f0-3fc37a6b2073,IT0g5PDwwQltu8fXayqho0o6HFPujKkq.jpg,12109cd7-0891-46bf-8970-7d18565affd7,0,,2023-05-31 23:03:45,2023-05-31 23:03:45
72a71faf-6ee7-4229-a098-0c86461160f9,h4cIH8glTPSvBafrqhEP0UE79k3fpDu7.jpg,85a81312-43a2-4fca-ab56-5c344a555b7e,1,,2023-05-31 23:03:44,2023-05-31 23:03:44
7cecb498-1eff-494a-89eb-c5eca7e4abfd,py5eJ8mYUROAjSDHRihVybE4r6Uvm1vs.jpg,c9e9da85-43d6-4bbd-a7aa-22baeff56a2d,0,,2023-05-31 23:03:43,2023-05-31 23:03:43
863f9b9f-9a12-4514-88d4-3c6e523154ef,JJghNQb95hlwYGbNusjeWgzML4ij67MW.jpg,92cce5f7-f2bc-447a-bcc4-f72a75a3557b,0,,2023-05-31 23:03:42,2023-05-31 23:03:42
8e1df94f-03b2-46af-9885-4e6f876801c2,bB34Tw5JbkbSIUoQe6ZivnsplvFSzmKh.jpg,de98298c-6a0b-4cf4-8fd4-07cd8c32ab2f,1,,2023-05-31 23:03:43,2023-05-31 23:03:43
8e2f22f4-ae63-4c80-841e-9cb872b765e8,d81dPKgs8lpHvENQJTOCvYCOGoKsGScF.jpg,49af54cb-82da-4dff-8363-e8dc02a29f1c,1,,2023-05-31 23:03:46,2023-05-31 23:03:46
9644a0ee-5622-49e1-bd11-79c2ab5fc366,gbI1ndvmcUl3lazFufkidWVykToVbKyX.jpg,174dd17b-01c9-430b-8307-0090384cbe32,0,,2023-05-31 23:03:46,2023-05-31 23:03:46
9bb99698-e10b-4b62-8bc2-0fe0c7276bf0,5bCDhOPh9rA2APmvXCdhXDnjx9VwP0WD.jpg,a344db0a-857a-4ac9-994b-cfb462197b2b,1,,2023-05-31 23:03:41,2023-05-31 23:03:41
a1a9270e-591b-4f32-ab41-248226bce037,Uyr8M2ZUqN4EOfxxYaw9lkIpzNemS3C6.jpg,de98298c-6a0b-4cf4-8fd4-07cd8c32ab2f,0,,2023-05-31 23:03:43,2023-05-31 23:03:43
a51d41ac-a2e0-41e3-996d-96b8f208d9e0,gUIqXh2PSek1DZBb87qqq3fXdAqRDA69.jpg,a344db0a-857a-4ac9-994b-cfb462197b2b,0,,2023-05-31 23:03:41,2023-05-31 23:03:41
a92a5563-22db-4bb8-9f59-272d7adbd570,1kR6VJ8SNnTk0yDBefdpiikjTP7riQZt.jpg,f1421951-1257-4d9d-be4a-f52daca85cf5,1,,2023-05-31 23:03:42,2023-05-31 23:03:42
aa7c1016-c1e6-47c4-974e-b11f2607a881,IU8uznXD15K3Tv7upFP2aMZGeqHlBkWX.jpg,4e735530-c52a-4132-a12c-c93a439ac18b,1,,2023-05-31 23:03:42,2023-05-31 23:03:42
b719299e-7cae-430c-ae9c-17e4d2daa257,ZdsiCV61uYPED4GfEFxvWJsCj9mt9ZNn.jpg,51ecc6cd-b4fd-463b-ae0f-42578e4741fd,0,,2023-05-31 23:03:47,2023-05-31 23:03:47
c9690bbd-2d0a-4628-bc22-7b3cbbe72e55,Bwc2XdDl0UODufLvhOlm6Pa0rdf2IDEK.jpg,174dd17b-01c9-430b-8307-0090384cbe32,1,,2023-05-31 23:03:46,2023-05-31 23:03:46
d171bff0-16b4-4be0-b138-a7cbd78bcaaf,0l6VXyqEbSfLKsPnqXQ5Y9DU4jVdJH8S.jpg,c439c6ed-5171-42cd-9d1e-165bc0ae2b87,0,,2023-05-31 23:03:44,2023-05-31 23:03:44
e2f603e8-05b4-4ec0-a4a1-3843a20f2da8,18ugoiMvOcADNwhwD71eN3ZeFxf23Ilk.jpg,b5901174-26ff-4f68-af87-13419cc2cf11,1,,2023-05-31 23:03:44,2023-05-31 23:03:44
e8e05130-eebc-4fcb-ac55-249306ce7a6d,7dTFd5nWPhxxZEb8DfYHCLqUEaefNHZU.jpg,51ecc6cd-b4fd-463b-ae0f-42578e4741fd,1,,2023-05-31 23:03:46,2023-05-31 23:03:46
eb5c0727-29ca-4554-817e-8684ede5c963,LkMH0qYtmDdWPnLzVpoev6oLCvaFTN83.jpg,f1421951-1257-4d9d-be4a-f52daca85cf5,0,,2023-05-31 23:03:42,2023-05-31 23:03:42
ed81aa5e-016b-4efd-94d7-0cd4e220c8a7,7GshXBVrEMBWXHnCLBtxuE6JhqUEOQcv.jpg,cfdbb1df-68c9-47ed-922e-6a0fb38e32b8,1,,2023-05-31 23:03:41,2023-05-31 23:03:41
ede9b36d-6167-48ac-8d72-d941084f4ec4,0M0WkzL4VnwRGMTMRCtQdGpckjqjeplb.jpg,d11b1089-dd72-427b-861e-468e8ec626c1,1,,2023-05-31 23:03:43,2023-05-31 23:03:43
eff02416-4967-4edb-bfce-2820fab1c5a6,4c92YOH71R2Ew27cy5eAvur8zlOCFvDC.jpg,9dc41559-0a46-4ffe-b6f5-afe9fe1aa0a3,1,,2023-05-31 23:03:45,2023-05-31 23:03:45
f13d7f57-ff8c-4dc1-8f79-3f20b1ad627d,rulXeTmOjVoh5oyZbRupXwXWTS5VplCX.jpg,49af54cb-82da-4dff-8363-e8dc02a29f1c,0,,2023-05-31 23:03:46,2023-05-31 23:03:46
fa8023fe-7ce0-4e22-b922-e23b85c09aa2,uFeHXzdDxDRUDCf5qij6Dao56nJ9enK8.jpg,28932168-9ce5-4b95-ae0f-14a65f20e058,1,,2023-05-31 23:03:45,2023-05-31 23:03:45
fdb928af-2a13-4c66-9f44-54416c5a7d2a,g69BqxMzTcyY3DC1uc2bsbRbrIG9M0ih.jpg,189596a1-ad7b-459b-8d06-428fe775cd07,1,,2023-05-31 23:03:46,2023-05-31 23:03:46
