"id","user_id","gig_id","rating","created_at","updated_at","deleted_at"
"00d480e0-a0dd-42ec-9bf4-0c9033c6535a","99643751-6115-4bbe-b615-5ecea70010e7","179f82af-dbb0-4c49-bcf2-097b31193777","4","2023-06-12 15:05:07","2023-06-12 15:05:07",NULL
"027546fd-a9b9-4667-b378-8d519a74112a","99643751-b8b2-4d53-a6ab-216c332b7658","ee1422f9-84f1-4c7d-963f-4618000337be","2","2023-06-12 15:05:07","2023-06-12 15:05:07",NULL
"02ffbc6b-17bc-43d7-ab61-17b00cdb3781","99643750-7126-43c9-8853-645e687a429a","ee1422f9-84f1-4c7d-963f-4618000337be","1","2023-06-12 15:05:07","2023-06-12 15:05:07",NULL
"05657e36-57dd-4a7a-a94a-1b4f0503abe8","99643751-6115-4bbe-b615-5ecea70010e7","d795e7f6-4937-4550-af46-3f261f827e13","2","2023-06-12 15:05:07","2023-06-12 15:05:07",NULL
"06ede261-0b6f-4e10-a78d-e454a688d715","99643751-7ed9-40a7-a08f-d2fac8a31a0e","ef3b6d40-bd75-4ac9-b187-78ff544ecd86","1","2023-06-12 15:05:07","2023-06-12 15:05:07",NULL
"095187ec-1a4f-4c31-b64d-a4bd3c67909f","99643750-df3f-44c8-ba31-60589bf9db59","757046ec-943e-4eab-9694-46d61f1bcf42","5","2023-06-12 15:05:07","2023-06-12 15:05:07",NULL
"09beb67c-021c-4bbd-a3ad-0de636af354c","99643750-df3f-44c8-ba31-60589bf9db59","c9a888fa-aa9d-4adb-ba41-f37cf7a0e3f5","5","2023-06-12 15:05:07","2023-06-12 15:05:07",NULL
"0b31d9de-1a6b-4f27-8742-1a8c2d7faffb","99643751-2c02-4818-b9cf-5413d5ab0202","82a1ecc8-f28d-4f1b-80e1-72f88bba3b08","5","2023-06-12 15:05:07","2023-06-12 15:05:07",NULL
"0cbda871-982a-4b97-8be6-98820d06b932","99643750-7126-43c9-8853-645e687a429a","179f82af-dbb0-4c49-bcf2-097b31193777","1","2023-06-12 15:05:07","2023-06-12 15:05:07",NULL
"0d45e2a4-9fbd-466d-9598-f6fc38357fc7","99643752-313d-4809-9a1c-d40ce46cd932","cdf71795-2aef-4838-968c-b821b3a20287","2","2023-06-12 15:05:07","2023-06-12 15:05:07",NULL
"0e372f20-87a1-4b25-8f98-51f1b4511f82","99643752-313d-4809-9a1c-d40ce46cd932","d908b337-c91a-4f62-a975-e219c063849e","2","2023-06-12 15:05:07","2023-06-12 15:05:07",NULL
"114a6d99-cd99-4f29-8580-3ae2326d79d2","99643751-1246-4619-9b46-9c8370c0316a","7d9e0a49-cb80-498b-be29-2ce27bb7d0ef","4","2023-06-12 15:05:07","2023-06-12 15:05:07",NULL
"12010be6-c5ac-42ce-8897-8a4f862f5e5d","99643752-313d-4809-9a1c-d40ce46cd932","ad22d0f9-132c-4001-9f1c-de0db0c0d3b8","3","2023-06-12 15:05:07","2023-06-12 15:05:07",NULL
"127e078c-567e-42aa-8bc1-de2e4614c1a1","99643752-0aef-4f10-97d9-692bc70a51e2","0254e694-de1b-4167-997b-50feaeec00be","1","2023-06-12 15:05:07","2023-06-12 15:05:07",NULL
"12ec4d62-b7f5-41c0-88b2-f792648d4910","99643750-a86f-491a-8b2a-4bf0b36e0a6c","2c1accaa-3cad-4afe-b34a-e90c8fb394c7","5","2023-06-12 15:05:07","2023-06-12 15:05:07",NULL
"13512cc4-af9b-4789-b55a-52c6e790b68a","99643750-c5d9-4846-b1bf-be5afe8f3d23","7d9e0a49-cb80-498b-be29-2ce27bb7d0ef","4","2023-06-12 15:05:07","2023-06-12 15:05:07",NULL
"13f0a3a3-4bbc-425a-9e2c-f3f82873cc77","99643750-f8ac-444e-85aa-2aa986b40ca1","6c1fe044-8129-4bfa-9d13-839e6ad2ed2b","4","2023-06-12 15:05:07","2023-06-12 15:05:07",NULL
"140c970a-b31a-4e0b-afba-97ac292c6e38","99643751-7ed9-40a7-a08f-d2fac8a31a0e","cd8e06e6-927c-4a48-95d8-d1834256d172","1","2023-06-12 15:05:07","2023-06-12 15:05:07",NULL
"14a51d9b-3f93-4b08-affe-5faaac97b4a9","99643752-0aef-4f10-97d9-692bc70a51e2","ef3b6d40-bd75-4ac9-b187-78ff544ecd86","3","2023-06-12 15:05:07","2023-06-12 15:05:07",NULL
"14cfab00-05f6-4e81-a44b-c800e9e9cb37","99643751-6115-4bbe-b615-5ecea70010e7","4792bff9-0d5f-4777-87aa-e17246642ad1","3","2023-06-12 15:05:07","2023-06-12 15:05:07",NULL
"15f743ee-e79d-4f40-b57e-5ff0c4a5d0af","99643751-7ed9-40a7-a08f-d2fac8a31a0e","7d9e0a49-cb80-498b-be29-2ce27bb7d0ef","1","2023-06-12 15:05:07","2023-06-12 15:05:07",NULL
"1946c080-350d-42b2-b1dc-5fb40a597d53","99643750-c5d9-4846-b1bf-be5afe8f3d23","2c1accaa-3cad-4afe-b34a-e90c8fb394c7","1","2023-06-12 15:05:07","2023-06-12 15:05:07",NULL
"19522f51-d4d4-4bdd-9aae-d0423ed8d556","99643750-8e06-4ed9-b3f0-48528babe8f8","fcefd585-5e98-44f7-9dc9-f6780b77b2c0","1","2023-06-12 15:05:07","2023-06-12 15:05:07",NULL
"19d7f980-adef-4885-8b96-a830088b96e2","99643752-0aef-4f10-97d9-692bc70a51e2","179f82af-dbb0-4c49-bcf2-097b31193777","3","2023-06-12 15:05:07","2023-06-12 15:05:07",NULL
"1a4bb735-0764-4d2c-97ba-c0b2e6ed359d","99643750-df3f-44c8-ba31-60589bf9db59","d908b337-c91a-4f62-a975-e219c063849e","1","2023-06-12 15:05:07","2023-06-12 15:05:07",NULL
"1b3ca3bd-e0c1-4b6c-8d8d-e87b6433beba","99643750-a86f-491a-8b2a-4bf0b36e0a6c","e8423779-ca8a-4e9a-86b1-34e3bb1aee57","5","2023-06-12 15:05:07","2023-06-12 15:05:07",NULL
"1b8affbb-499d-4569-91a7-c0edc3dec7fa","99643750-8e06-4ed9-b3f0-48528babe8f8","ad22d0f9-132c-4001-9f1c-de0db0c0d3b8","3","2023-06-12 15:05:07","2023-06-12 15:05:07",NULL
"1c1f4dd4-2869-4566-adac-07d8d2667827","99643751-464d-4ba9-88ff-57df701f7a29","d795e7f6-4937-4550-af46-3f261f827e13","1","2023-06-12 15:05:07","2023-06-12 15:05:07",NULL
"1ce04385-a7f4-4039-b0f4-96bb5bd1093b","99643750-a86f-491a-8b2a-4bf0b36e0a6c","0e953777-2865-4114-b273-75ac775abb55","5","2023-06-12 15:05:07","2023-06-12 15:05:07",NULL
"1dea1f85-79b0-44af-9303-070936a1f35b","99643752-313d-4809-9a1c-d40ce46cd932","e8423779-ca8a-4e9a-86b1-34e3bb1aee57","3","2023-06-12 15:05:07","2023-06-12 15:05:07",NULL
"1e238fc4-4a6c-4105-9eea-2ae2a971320b","99643751-e19e-4013-937f-3764f406b860","ee1422f9-84f1-4c7d-963f-4618000337be","3","2023-06-12 15:05:07","2023-06-12 15:05:07",NULL
"1f531a1f-eee9-43fa-abcf-032fff993f47","99643750-a86f-491a-8b2a-4bf0b36e0a6c","cdf71795-2aef-4838-968c-b821b3a20287","5","2023-06-12 15:05:07","2023-06-12 15:05:07",NULL
"205df8ec-8c68-4757-925d-cbfbb95e4cc6","99643751-2c02-4818-b9cf-5413d5ab0202","ee1422f9-84f1-4c7d-963f-4618000337be","5","2023-06-12 15:05:07","2023-06-12 15:05:07",NULL
"2120e7e9-6ef0-4b10-aa47-64ad13452d1a","99643750-7126-43c9-8853-645e687a429a","b90fdb70-16ea-48a3-95d2-5e5e895669dc","4","2023-06-12 15:05:07","2023-06-12 15:05:07",NULL
"2272ded7-7f16-435e-a343-6cdac6e3d303","99643751-e19e-4013-937f-3764f406b860","c9a888fa-aa9d-4adb-ba41-f37cf7a0e3f5","2","2023-06-12 15:05:07","2023-06-12 15:05:07",NULL
"22e47c36-db74-4961-911d-7177559d75e4","99643750-8e06-4ed9-b3f0-48528babe8f8","82a1ecc8-f28d-4f1b-80e1-72f88bba3b08","1","2023-06-12 15:05:07","2023-06-12 15:05:07",NULL
"23cb78d3-a4da-497f-852b-6a8bec9b0034","99643750-f8ac-444e-85aa-2aa986b40ca1","2c1accaa-3cad-4afe-b34a-e90c8fb394c7","4","2023-06-12 15:05:07","2023-06-12 15:05:07",NULL
"23f58542-36fe-42b7-8af5-c6d139a6cc9f","99643750-df3f-44c8-ba31-60589bf9db59","e0923aa7-6428-4b1c-ad55-358bfee88999","2","2023-06-12 15:05:07","2023-06-12 15:05:07",NULL
"24744434-95d0-432b-acef-a277fdeddbf8","99643751-464d-4ba9-88ff-57df701f7a29","82a1ecc8-f28d-4f1b-80e1-72f88bba3b08","4","2023-06-12 15:05:07","2023-06-12 15:05:07",NULL
"25517d8b-8c7c-44c0-a1be-61d0da46f073","99643750-550a-427c-a194-bb9a52d6e1b1","ef3b6d40-bd75-4ac9-b187-78ff544ecd86","1","2023-06-12 15:05:07","2023-06-12 15:05:07",NULL
"26ed0628-444c-4dbb-8312-da767d1045ed","99643750-df3f-44c8-ba31-60589bf9db59","cd8e06e6-927c-4a48-95d8-d1834256d172","4","2023-06-12 15:05:07","2023-06-12 15:05:07",NULL
"2a4d0711-7483-4740-9723-5ad3abceeb60","99643750-c5d9-4846-b1bf-be5afe8f3d23","e0923aa7-6428-4b1c-ad55-358bfee88999","5","2023-06-12 15:05:07","2023-06-12 15:05:07",NULL
"2b8168b5-f4c9-4cfb-9e87-8752521b749f","99643751-1246-4619-9b46-9c8370c0316a","e9e64186-2708-4759-bef6-a0dcba18f178","5","2023-06-12 15:05:07","2023-06-12 15:05:07",NULL
"2c82c835-06e7-41cc-bfb5-0148dc1ea03f","99643750-a86f-491a-8b2a-4bf0b36e0a6c","cd8e06e6-927c-4a48-95d8-d1834256d172","3","2023-06-12 15:05:07","2023-06-12 15:05:07",NULL
"2e0a5faa-f7f9-4c60-bfe5-33a0eed560a7","99643750-550a-427c-a194-bb9a52d6e1b1","0e953777-2865-4114-b273-75ac775abb55","2","2023-06-12 15:05:07","2023-06-12 15:05:07",NULL
"2fc2d982-b404-4ba7-8488-28f7c2b36d2c","99643751-6115-4bbe-b615-5ecea70010e7","e9e64186-2708-4759-bef6-a0dcba18f178","4","2023-06-12 15:05:07","2023-06-12 15:05:07",NULL
"2fdb7697-39d4-4290-98b7-457afa413b20","99643750-7126-43c9-8853-645e687a429a","7d9e0a49-cb80-498b-be29-2ce27bb7d0ef","1","2023-06-12 15:05:07","2023-06-12 15:05:07",NULL
"314a7c12-6608-4d38-aea2-47cb398fa649","99643752-0aef-4f10-97d9-692bc70a51e2","f06845e0-6da1-4ad7-808c-3619bea69dd4","4","2023-06-12 15:05:07","2023-06-12 15:05:07",NULL
"32031d6c-a1b1-4b59-a5b3-9d2809f6653e","99643750-550a-427c-a194-bb9a52d6e1b1","fd398ae1-ea73-4ec3-b762-3d4edfda4709","2","2023-06-12 15:05:07","2023-06-12 15:05:07",NULL
"32a9c19d-6fec-44ae-8acf-2eedbea5e64e","99643751-7ed9-40a7-a08f-d2fac8a31a0e","d908b337-c91a-4f62-a975-e219c063849e","1","2023-06-12 15:05:07","2023-06-12 15:05:07",NULL
"34004c0d-d716-47e6-9261-59e0294553aa","99643750-df3f-44c8-ba31-60589bf9db59","0e953777-2865-4114-b273-75ac775abb55","5","2023-06-12 15:05:07","2023-06-12 15:05:07",NULL
"347c602a-b5f5-496f-b189-4df82a70719f","99643750-c5d9-4846-b1bf-be5afe8f3d23","542d33a2-0033-4335-9b7c-e663c8a41abf","4","2023-06-12 15:05:07","2023-06-12 15:05:07",NULL
"37a8618f-519f-4886-b4aa-8bc0fbbd24cc","99643752-313d-4809-9a1c-d40ce46cd932","b90fdb70-16ea-48a3-95d2-5e5e895669dc","5","2023-06-12 15:05:07","2023-06-12 15:05:07",NULL
"393593bc-5151-49fb-925d-bd79df63c8f2","99643751-2c02-4818-b9cf-5413d5ab0202","cdf71795-2aef-4838-968c-b821b3a20287","1","2023-06-12 15:05:07","2023-06-12 15:05:07",NULL
"39f3ce37-7d05-49c5-b7e4-7e95b04337da","99643751-e19e-4013-937f-3764f406b860","2c1accaa-3cad-4afe-b34a-e90c8fb394c7","2","2023-06-12 15:05:07","2023-06-12 15:05:07",NULL
"3c85c1a8-94ad-4781-a7e4-29335bda9368","99643752-313d-4809-9a1c-d40ce46cd932","7d9e0a49-cb80-498b-be29-2ce27bb7d0ef","3","2023-06-12 15:05:07","2023-06-12 15:05:07",NULL
"3dfd57ca-0b02-470b-97d2-8ec6bb110b58","99643752-313d-4809-9a1c-d40ce46cd932","d795e7f6-4937-4550-af46-3f261f827e13","3","2023-06-12 15:05:07","2023-06-12 15:05:07",NULL
"408f4fbe-00e1-4cc6-a531-a6aaeed56412","99643751-1246-4619-9b46-9c8370c0316a","d908b337-c91a-4f62-a975-e219c063849e","1","2023-06-12 15:05:07","2023-06-12 15:05:07",NULL
"40bf9930-bb3c-47ce-a965-413033fe11c1","99643751-6115-4bbe-b615-5ecea70010e7","542d33a2-0033-4335-9b7c-e663c8a41abf","1","2023-06-12 15:05:07","2023-06-12 15:05:07",NULL
"4104a727-586e-4786-bf84-c604d6a1e670","99643750-550a-427c-a194-bb9a52d6e1b1","f06845e0-6da1-4ad7-808c-3619bea69dd4","5","2023-06-12 15:05:07","2023-06-12 15:05:07",NULL
"418005f3-d332-421e-888d-488153f63eaf","99643750-7126-43c9-8853-645e687a429a","0e953777-2865-4114-b273-75ac775abb55","2","2023-06-12 15:05:07","2023-06-12 15:05:07",NULL
"4231d971-51bd-4d0b-83ca-bde978049528","99643751-1246-4619-9b46-9c8370c0316a","fcefd585-5e98-44f7-9dc9-f6780b77b2c0","2","2023-06-12 15:05:07","2023-06-12 15:05:07",NULL
"46fe3d2c-fae0-401d-be10-28335559950d","99643751-b8b2-4d53-a6ab-216c332b7658","757046ec-943e-4eab-9694-46d61f1bcf42","1","2023-06-12 15:05:07","2023-06-12 15:05:07",NULL
"47ec72f9-56c9-4978-94cb-341f6a98b982","99643752-0aef-4f10-97d9-692bc70a51e2","757046ec-943e-4eab-9694-46d61f1bcf42","4","2023-06-12 15:05:07","2023-06-12 15:05:07",NULL
"4861eb69-d8db-41a9-be37-f9a4f50b4519","99643750-7126-43c9-8853-645e687a429a","c9a888fa-aa9d-4adb-ba41-f37cf7a0e3f5","3","2023-06-12 15:05:07","2023-06-12 15:05:07",NULL
"488af278-1ae2-4c0d-86b3-96e3e7f5a0b2","99643751-b8b2-4d53-a6ab-216c332b7658","6c1fe044-8129-4bfa-9d13-839e6ad2ed2b","5","2023-06-12 15:05:07","2023-06-12 15:05:07",NULL
"48ae76c1-1d54-4659-98fd-386c5dc93c87","99643751-464d-4ba9-88ff-57df701f7a29","7d9e0a49-cb80-498b-be29-2ce27bb7d0ef","3","2023-06-12 15:05:07","2023-06-12 15:05:07",NULL
"48f7bc84-122e-4352-9476-c4283dde90a6","99643751-7ed9-40a7-a08f-d2fac8a31a0e","c9a888fa-aa9d-4adb-ba41-f37cf7a0e3f5","4","2023-06-12 15:05:07","2023-06-12 15:05:07",NULL
"490b22bd-81c5-4f51-94a1-4069eab61618","99643751-2c02-4818-b9cf-5413d5ab0202","d795e7f6-4937-4550-af46-3f261f827e13","1","2023-06-12 15:05:07","2023-06-12 15:05:07",NULL
"4aa606d0-4084-414b-be80-91b0c48eddf3","99643751-7ed9-40a7-a08f-d2fac8a31a0e","179f82af-dbb0-4c49-bcf2-097b31193777","5","2023-06-12 15:05:07","2023-06-12 15:05:07",NULL
"4b424313-a303-43b5-9c03-0c32010cd62a","99643752-313d-4809-9a1c-d40ce46cd932","0254e694-de1b-4167-997b-50feaeec00be","5","2023-06-12 15:05:07","2023-06-12 15:05:07",NULL
"4efba434-6d10-4d1e-93a6-3bf21e5333d7","99643750-8e06-4ed9-b3f0-48528babe8f8","e9e64186-2708-4759-bef6-a0dcba18f178","1","2023-06-12 15:05:07","2023-06-12 15:05:07",NULL
"4f442e9e-9a71-45b8-8c55-a3f8a6c10b11","99643750-a86f-491a-8b2a-4bf0b36e0a6c","757046ec-943e-4eab-9694-46d61f1bcf42","1","2023-06-12 15:05:07","2023-06-12 15:05:07",NULL
"51b1628f-7adb-48ed-a421-94b9e2a9a3b6","99643750-7126-43c9-8853-645e687a429a","0254e694-de1b-4167-997b-50feaeec00be","1","2023-06-12 15:05:07","2023-06-12 15:05:07",NULL
"521ad879-8180-4f22-bfab-1d3f88005415","99643750-f8ac-444e-85aa-2aa986b40ca1","cdf71795-2aef-4838-968c-b821b3a20287","4","2023-06-12 15:05:07","2023-06-12 15:05:07",NULL
"5335c7c1-8572-4240-bf49-520c25854490","99643751-464d-4ba9-88ff-57df701f7a29","e8423779-ca8a-4e9a-86b1-34e3bb1aee57","1","2023-06-12 15:05:07","2023-06-12 15:05:07",NULL
"568a8b2c-069d-4ec2-b4b0-09bd48aeaf86","99643751-2c02-4818-b9cf-5413d5ab0202","fd398ae1-ea73-4ec3-b762-3d4edfda4709","1","2023-06-12 15:05:07","2023-06-12 15:05:07",NULL
"571f874d-e84d-43f4-8e87-044216f1604a","99643751-2c02-4818-b9cf-5413d5ab0202","179f82af-dbb0-4c49-bcf2-097b31193777","3","2023-06-12 15:05:07","2023-06-12 15:05:07",NULL
"5a2b80fd-0eb2-4999-8175-54e57c4220d1","99643750-df3f-44c8-ba31-60589bf9db59","b90fdb70-16ea-48a3-95d2-5e5e895669dc","2","2023-06-12 15:05:07","2023-06-12 15:05:07",NULL
"5b801c0e-0d30-4bf6-8af9-a735a871a744","99643751-7ed9-40a7-a08f-d2fac8a31a0e","2c1accaa-3cad-4afe-b34a-e90c8fb394c7","4","2023-06-12 15:05:07","2023-06-12 15:05:07",NULL
"5c26443e-f2db-42ca-bf80-06f0a22b2864","99643752-313d-4809-9a1c-d40ce46cd932","fd398ae1-ea73-4ec3-b762-3d4edfda4709","3","2023-06-12 15:05:07","2023-06-12 15:05:07",NULL
"5e723766-2c27-47a2-9ae1-e10da943950c","99643751-464d-4ba9-88ff-57df701f7a29","f06845e0-6da1-4ad7-808c-3619bea69dd4","1","2023-06-12 15:05:07","2023-06-12 15:05:07",NULL
"61f8385d-0fde-4268-b382-b2fcd79c9754","99643751-e19e-4013-937f-3764f406b860","e0923aa7-6428-4b1c-ad55-358bfee88999","4","2023-06-12 15:05:07","2023-06-12 15:05:07",NULL
"642dbcd9-6b7d-411c-9690-806222239848","99643750-f8ac-444e-85aa-2aa986b40ca1","4792bff9-0d5f-4777-87aa-e17246642ad1","3","2023-06-12 15:05:07","2023-06-12 15:05:07",NULL
"64a797d4-fc2a-4dc0-b092-a717504fee93","99643751-6115-4bbe-b615-5ecea70010e7","757046ec-943e-4eab-9694-46d61f1bcf42","3","2023-06-12 15:05:07","2023-06-12 15:05:07",NULL
"64db202a-efe0-4014-9a1a-f18180e1da71","99643751-1246-4619-9b46-9c8370c0316a","c9a888fa-aa9d-4adb-ba41-f37cf7a0e3f5","2","2023-06-12 15:05:07","2023-06-12 15:05:07",NULL
"654401fc-6a7a-4087-8b6d-287be06e00a6","99643751-1246-4619-9b46-9c8370c0316a","ce4b2672-1482-4bcb-adfc-3da2c6d3373e","1","2023-06-12 15:05:07","2023-06-12 15:05:07",NULL
"654d3cd0-5463-4d36-bc84-6446699df0c7","99643751-6115-4bbe-b615-5ecea70010e7","fd398ae1-ea73-4ec3-b762-3d4edfda4709","5","2023-06-12 15:05:07","2023-06-12 15:05:07",NULL
"6568dcb0-d952-43a6-ae63-121fb15fb576","99643750-c5d9-4846-b1bf-be5afe8f3d23","4792bff9-0d5f-4777-87aa-e17246642ad1","1","2023-06-12 15:05:07","2023-06-12 15:05:07",NULL
"6915b7ad-1e3f-4ec3-b893-d0f408ed1cf5","99643751-e19e-4013-937f-3764f406b860","d795e7f6-4937-4550-af46-3f261f827e13","2","2023-06-12 15:05:07","2023-06-12 15:05:07",NULL
"6ab45a8a-8628-4624-bbdb-4ecc80c6e231","99643752-0aef-4f10-97d9-692bc70a51e2","d908b337-c91a-4f62-a975-e219c063849e","5","2023-06-12 15:05:07","2023-06-12 15:05:07",NULL
"6adaa00c-16d7-49aa-9757-5ae47c335a06","99643750-7126-43c9-8853-645e687a429a","d795e7f6-4937-4550-af46-3f261f827e13","5","2023-06-12 15:05:07","2023-06-12 15:05:07",NULL
"6c7f9ad9-1df0-4a7f-9a53-000d67ab36b5","99643750-550a-427c-a194-bb9a52d6e1b1","4792bff9-0d5f-4777-87aa-e17246642ad1","2","2023-06-12 15:05:07","2023-06-12 15:05:07",NULL
"6e159aaa-09a4-43d7-b511-3bf10978297e","99643751-1246-4619-9b46-9c8370c0316a","82a1ecc8-f28d-4f1b-80e1-72f88bba3b08","1","2023-06-12 15:05:07","2023-06-12 15:05:07",NULL
"6ee25ec6-183d-4da6-8372-f3e63d8e1627","99643750-f8ac-444e-85aa-2aa986b40ca1","1372ccfa-1039-4d09-8984-e93fd96cc6d2","3","2023-06-12 15:05:07","2023-06-12 15:05:07",NULL
"70df2d0e-7b0c-4003-8dff-f56dac474f3a","99643750-550a-427c-a194-bb9a52d6e1b1","c9a888fa-aa9d-4adb-ba41-f37cf7a0e3f5","3","2023-06-12 15:05:07","2023-06-12 15:05:07",NULL
"71926f5d-889e-499f-a30d-a7eb492fe25e","99643751-e19e-4013-937f-3764f406b860","fcefd585-5e98-44f7-9dc9-f6780b77b2c0","3","2023-06-12 15:05:07","2023-06-12 15:05:07",NULL
"722c7111-18e5-40d0-a382-4cd61dc4d40b","99643751-464d-4ba9-88ff-57df701f7a29","0e953777-2865-4114-b273-75ac775abb55","5","2023-06-12 15:05:07","2023-06-12 15:05:07",NULL
"7296cee3-6e5d-4b10-918a-08901fc0cce2","99643752-0aef-4f10-97d9-692bc70a51e2","cdf71795-2aef-4838-968c-b821b3a20287","3","2023-06-12 15:05:07","2023-06-12 15:05:07",NULL
"72e5f72e-f8cd-4203-a75d-d7a3225adb88","99643751-e19e-4013-937f-3764f406b860","ad22d0f9-132c-4001-9f1c-de0db0c0d3b8","2","2023-06-12 15:05:07","2023-06-12 15:05:07",NULL
"73207736-0c2d-4dbd-bbf2-f61d6493bb54","99643750-f8ac-444e-85aa-2aa986b40ca1","fcefd585-5e98-44f7-9dc9-f6780b77b2c0","4","2023-06-12 15:05:07","2023-06-12 15:05:07",NULL
"7371366a-23ac-4f82-aad2-ee63e6033fd3","99643751-7ed9-40a7-a08f-d2fac8a31a0e","e0923aa7-6428-4b1c-ad55-358bfee88999","3","2023-06-12 15:05:07","2023-06-12 15:05:07",NULL
"742457cb-4156-4ab5-b5c1-80108e7cfaaf","99643750-a86f-491a-8b2a-4bf0b36e0a6c","e9e64186-2708-4759-bef6-a0dcba18f178","3","2023-06-12 15:05:07","2023-06-12 15:05:07",NULL
"74ce2666-c3fd-4145-a120-a1189089d1f0","99643750-c5d9-4846-b1bf-be5afe8f3d23","d908b337-c91a-4f62-a975-e219c063849e","1","2023-06-12 15:05:07","2023-06-12 15:05:07",NULL
"7680bf56-bad2-404c-a42b-c82f6edcb4b7","99643751-7ed9-40a7-a08f-d2fac8a31a0e","cdf71795-2aef-4838-968c-b821b3a20287","4","2023-06-12 15:05:07","2023-06-12 15:05:07",NULL
"77154c3a-87bd-4f78-9bd3-6d690b978c3f","99643751-6115-4bbe-b615-5ecea70010e7","ee1422f9-84f1-4c7d-963f-4618000337be","4","2023-06-12 15:05:07","2023-06-12 15:05:07",NULL
"78e4be3e-cf5d-4b97-a03d-3266b0e9d9b1","99643752-0aef-4f10-97d9-692bc70a51e2","1372ccfa-1039-4d09-8984-e93fd96cc6d2","3","2023-06-12 15:05:07","2023-06-12 15:05:07",NULL
"7936f696-de31-4a41-9dbf-7de0f1947bf0","99643751-e19e-4013-937f-3764f406b860","0e953777-2865-4114-b273-75ac775abb55","1","2023-06-12 15:05:07","2023-06-12 15:05:07",NULL
"79ae4a9d-ed7e-4056-b5cc-39a626b4710a","99643752-0aef-4f10-97d9-692bc70a51e2","fd398ae1-ea73-4ec3-b762-3d4edfda4709","4","2023-06-12 15:05:07","2023-06-12 15:05:07",NULL
"7ac45547-4c16-480b-90e9-9ce427065c78","99643750-f8ac-444e-85aa-2aa986b40ca1","f06845e0-6da1-4ad7-808c-3619bea69dd4","4","2023-06-12 15:05:07","2023-06-12 15:05:07",NULL
"7bf507ef-0465-49ac-bec9-4cf994eb0fa0","99643751-b8b2-4d53-a6ab-216c332b7658","179f82af-dbb0-4c49-bcf2-097b31193777","3","2023-06-12 15:05:07","2023-06-12 15:05:07",NULL
"7ff72b0b-9027-4667-86bd-158f7ffb2257","99643750-a86f-491a-8b2a-4bf0b36e0a6c","542d33a2-0033-4335-9b7c-e663c8a41abf","5","2023-06-12 15:05:07","2023-06-12 15:05:07",NULL
"81df049c-d3dd-407b-afad-2b3c2182148f","99643751-2c02-4818-b9cf-5413d5ab0202","d908b337-c91a-4f62-a975-e219c063849e","5","2023-06-12 15:05:07","2023-06-12 15:05:07",NULL
"830e81ad-1886-4f80-a02a-66f3aa076b62","99643752-0aef-4f10-97d9-692bc70a51e2","d795e7f6-4937-4550-af46-3f261f827e13","5","2023-06-12 15:05:07","2023-06-12 15:05:07",NULL
"84106882-96bb-49cd-9e16-1eb8490285dc","99643751-1246-4619-9b46-9c8370c0316a","179f82af-dbb0-4c49-bcf2-097b31193777","1","2023-06-12 15:05:07","2023-06-12 15:05:07",NULL
"848a5adb-640e-4e38-9026-fcb5c901de2c","99643751-6115-4bbe-b615-5ecea70010e7","f06845e0-6da1-4ad7-808c-3619bea69dd4","4","2023-06-12 15:05:07","2023-06-12 15:05:07",NULL
"87ad67d3-81c4-4761-b2d7-54c38af841ab","99643750-c5d9-4846-b1bf-be5afe8f3d23","e9e64186-2708-4759-bef6-a0dcba18f178","1","2023-06-12 15:05:07","2023-06-12 15:05:07",NULL
"885bd9bd-de41-4198-8f37-260f2e1e4fb3","99643751-464d-4ba9-88ff-57df701f7a29","2c1accaa-3cad-4afe-b34a-e90c8fb394c7","3","2023-06-12 15:05:07","2023-06-12 15:05:07",NULL
"89f31016-e259-4f70-9f59-d27999bd0711","99643750-8e06-4ed9-b3f0-48528babe8f8","7d9e0a49-cb80-498b-be29-2ce27bb7d0ef","5","2023-06-12 15:05:07","2023-06-12 15:05:07",NULL
"8a64f423-6378-48cb-882b-8a2f3bcf9eb2","99643750-8e06-4ed9-b3f0-48528babe8f8","ce4b2672-1482-4bcb-adfc-3da2c6d3373e","4","2023-06-12 15:05:07","2023-06-12 15:05:07",NULL
"8cd42157-8755-466a-aa29-d4d17837a273","99643750-7126-43c9-8853-645e687a429a","4792bff9-0d5f-4777-87aa-e17246642ad1","4","2023-06-12 15:05:07","2023-06-12 15:05:07",NULL
"8dc55d14-45ea-40f8-921f-7de4af4d18ff","99643751-7ed9-40a7-a08f-d2fac8a31a0e","d795e7f6-4937-4550-af46-3f261f827e13","4","2023-06-12 15:05:07","2023-06-12 15:05:07",NULL
"908f2edf-ead7-4abe-a395-314bf6ddc096","99643750-8e06-4ed9-b3f0-48528babe8f8","d795e7f6-4937-4550-af46-3f261f827e13","4","2023-06-12 15:05:07","2023-06-12 15:05:07",NULL
"911699c1-3bba-4981-ac5d-45bfdbde0d0b","99643750-550a-427c-a194-bb9a52d6e1b1","1372ccfa-1039-4d09-8984-e93fd96cc6d2","4","2023-06-12 15:05:07","2023-06-12 15:05:07",NULL
"913530a4-9187-450a-ad8e-0fea7bf8a899","99643751-7ed9-40a7-a08f-d2fac8a31a0e","ad22d0f9-132c-4001-9f1c-de0db0c0d3b8","3","2023-06-12 15:05:07","2023-06-12 15:05:07",NULL
"92abfaa9-4c58-465d-95a2-e181b3d4cb1e","99643750-f8ac-444e-85aa-2aa986b40ca1","e8423779-ca8a-4e9a-86b1-34e3bb1aee57","4","2023-06-12 15:05:07","2023-06-12 15:05:07",NULL
"92f75a1f-3332-4f74-8a9b-5d45fa26b43d","99643752-313d-4809-9a1c-d40ce46cd932","cd8e06e6-927c-4a48-95d8-d1834256d172","3","2023-06-12 15:05:07","2023-06-12 15:05:07",NULL
"95198833-4ad4-4d1d-8199-bdc90e6eb8c9","99643750-c5d9-4846-b1bf-be5afe8f3d23","179f82af-dbb0-4c49-bcf2-097b31193777","1","2023-06-12 15:05:07","2023-06-12 15:05:07",NULL
"9902581c-f836-4478-86d0-7264adb65542","99643750-7126-43c9-8853-645e687a429a","e8423779-ca8a-4e9a-86b1-34e3bb1aee57","5","2023-06-12 15:05:07","2023-06-12 15:05:07",NULL
"9ac4f6e6-14ea-4739-a942-28a9355c7c65","99643751-b8b2-4d53-a6ab-216c332b7658","e8423779-ca8a-4e9a-86b1-34e3bb1aee57","3","2023-06-12 15:05:07","2023-06-12 15:05:07",NULL
"a02930cc-b1a4-43f0-aeb4-16788db32cf7","99643751-2c02-4818-b9cf-5413d5ab0202","e9e64186-2708-4759-bef6-a0dcba18f178","4","2023-06-12 15:05:07","2023-06-12 15:05:07",NULL
"a2376848-beb3-4005-bb1a-2f476b326f0a","99643751-e19e-4013-937f-3764f406b860","cdf71795-2aef-4838-968c-b821b3a20287","5","2023-06-12 15:05:07","2023-06-12 15:05:07",NULL
"a50350d5-7bf9-4041-92b8-8f11a2c22f3a","99643751-2c02-4818-b9cf-5413d5ab0202","fcefd585-5e98-44f7-9dc9-f6780b77b2c0","3","2023-06-12 15:05:07","2023-06-12 15:05:07",NULL
"a5d94cc7-324f-41cf-8665-852c20c3bb75","99643750-7126-43c9-8853-645e687a429a","cd8e06e6-927c-4a48-95d8-d1834256d172","2","2023-06-12 15:05:07","2023-06-12 15:05:07",NULL
"a618ed88-48e0-456e-9afa-8a803309ebd1","99643751-b8b2-4d53-a6ab-216c332b7658","0e953777-2865-4114-b273-75ac775abb55","2","2023-06-12 15:05:07","2023-06-12 15:05:07",NULL
"a6c80130-750d-4a37-9899-05ad9cd5d397","99643750-550a-427c-a194-bb9a52d6e1b1","e8423779-ca8a-4e9a-86b1-34e3bb1aee57","5","2023-06-12 15:05:07","2023-06-12 15:05:07",NULL
"a6cb3f76-2621-4f0c-9088-ff5915c0a1fd","99643750-8e06-4ed9-b3f0-48528babe8f8","cd8e06e6-927c-4a48-95d8-d1834256d172","2","2023-06-12 15:05:07","2023-06-12 15:05:07",NULL
"a884b514-305f-467f-ab0e-857892b6a826","99643750-8e06-4ed9-b3f0-48528babe8f8","b90fdb70-16ea-48a3-95d2-5e5e895669dc","3","2023-06-12 15:05:07","2023-06-12 15:05:07",NULL
"a9cac93a-1807-4888-9f75-fcb16a76e589","99643751-2c02-4818-b9cf-5413d5ab0202","6c1fe044-8129-4bfa-9d13-839e6ad2ed2b","4","2023-06-12 15:05:07","2023-06-12 15:05:07",NULL
"aa6262e1-4ebf-4e5c-982e-d799830727a3","99643751-464d-4ba9-88ff-57df701f7a29","fcefd585-5e98-44f7-9dc9-f6780b77b2c0","4","2023-06-12 15:05:07","2023-06-12 15:05:07",NULL
"ab8cef19-1c6e-4e16-8488-d3b4da553e5c","99643750-550a-427c-a194-bb9a52d6e1b1","542d33a2-0033-4335-9b7c-e663c8a41abf","2","2023-06-12 15:05:07","2023-06-12 15:05:07",NULL
"abd8eefa-4d7f-41e6-894f-8333b07049e8","99643750-a86f-491a-8b2a-4bf0b36e0a6c","d795e7f6-4937-4550-af46-3f261f827e13","4","2023-06-12 15:05:07","2023-06-12 15:05:07",NULL
"ac63e67e-7ad3-4b28-a45c-424580097f02","99643751-b8b2-4d53-a6ab-216c332b7658","0254e694-de1b-4167-997b-50feaeec00be","2","2023-06-12 15:05:07","2023-06-12 15:05:07",NULL
"af5f2c0c-c082-4669-9417-aa25fa61a624","99643750-df3f-44c8-ba31-60589bf9db59","82a1ecc8-f28d-4f1b-80e1-72f88bba3b08","5","2023-06-12 15:05:07","2023-06-12 15:05:07",NULL
"b1b78cd6-db7c-40da-82de-7b347a97ce48","99643751-6115-4bbe-b615-5ecea70010e7","0e953777-2865-4114-b273-75ac775abb55","1","2023-06-12 15:05:07","2023-06-12 15:05:07",NULL
"b32e53fc-1597-42bd-8ef7-9ee5a6488dc1","99643752-0aef-4f10-97d9-692bc70a51e2","e9e64186-2708-4759-bef6-a0dcba18f178","4","2023-06-12 15:05:07","2023-06-12 15:05:07",NULL
"b744ea1f-ed5d-44a4-94ad-e02f3625d5f8","99643750-f8ac-444e-85aa-2aa986b40ca1","c9a888fa-aa9d-4adb-ba41-f37cf7a0e3f5","2","2023-06-12 15:05:07","2023-06-12 15:05:07",NULL
"b7b5fd43-2fa5-4548-bdfc-8ae66d401139","99643750-a86f-491a-8b2a-4bf0b36e0a6c","179f82af-dbb0-4c49-bcf2-097b31193777","4","2023-06-12 15:05:07","2023-06-12 15:05:07",NULL
"b87f4adb-443d-4496-8238-0476bfc8cfa3","99643750-df3f-44c8-ba31-60589bf9db59","cdf71795-2aef-4838-968c-b821b3a20287","1","2023-06-12 15:05:07","2023-06-12 15:05:07",NULL
"b9c3c8c7-bd1f-48af-832d-4ef2f087c848","99643750-a86f-491a-8b2a-4bf0b36e0a6c","1372ccfa-1039-4d09-8984-e93fd96cc6d2","1","2023-06-12 15:05:07","2023-06-12 15:05:07",NULL
"baad790e-959b-42a5-8392-dbd826ed77e0","99643752-0aef-4f10-97d9-692bc70a51e2","c9a888fa-aa9d-4adb-ba41-f37cf7a0e3f5","1","2023-06-12 15:05:07","2023-06-12 15:05:07",NULL
"bbf44fd3-a9b5-46ec-aba1-4a79351d8e5a","99643750-550a-427c-a194-bb9a52d6e1b1","d908b337-c91a-4f62-a975-e219c063849e","5","2023-06-12 15:05:07","2023-06-12 15:05:07",NULL
"bd2fbd34-641f-435e-8e6f-db0f173fdf1f","99643751-1246-4619-9b46-9c8370c0316a","542d33a2-0033-4335-9b7c-e663c8a41abf","4","2023-06-12 15:05:07","2023-06-12 15:05:07",NULL
"bfa7f897-e9cf-451c-8164-854e86781157","99643752-0aef-4f10-97d9-692bc70a51e2","2c1accaa-3cad-4afe-b34a-e90c8fb394c7","5","2023-06-12 15:05:07","2023-06-12 15:05:07",NULL
"bfc3f8ba-5e44-40c3-83e6-4f6b1886eb37","99643751-2c02-4818-b9cf-5413d5ab0202","ef3b6d40-bd75-4ac9-b187-78ff544ecd86","5","2023-06-12 15:05:07","2023-06-12 15:05:07",NULL
"c33736d7-520c-4273-b4cb-19817fbd3ff8","99643751-e19e-4013-937f-3764f406b860","d908b337-c91a-4f62-a975-e219c063849e","1","2023-06-12 15:05:07","2023-06-12 15:05:07",NULL
"c3da695a-4898-4a1a-9351-72628e98d3bb","99643750-df3f-44c8-ba31-60589bf9db59","542d33a2-0033-4335-9b7c-e663c8a41abf","5","2023-06-12 15:05:07","2023-06-12 15:05:07",NULL
"c532f41d-85ee-4060-9614-9d3a0528465f","99643751-b8b2-4d53-a6ab-216c332b7658","f06845e0-6da1-4ad7-808c-3619bea69dd4","3","2023-06-12 15:05:07","2023-06-12 15:05:07",NULL
"c6e0efe8-6c71-497c-b411-88a32f519412","99643750-8e06-4ed9-b3f0-48528babe8f8","e8423779-ca8a-4e9a-86b1-34e3bb1aee57","2","2023-06-12 15:05:07","2023-06-12 15:05:07",NULL
"c8823bbf-0a63-466e-9867-d894c9b6fab5","99643750-a86f-491a-8b2a-4bf0b36e0a6c","6c1fe044-8129-4bfa-9d13-839e6ad2ed2b","3","2023-06-12 15:05:07","2023-06-12 15:05:07",NULL
"c97e9a26-5752-4af0-9aa6-1927461c971b","99643751-b8b2-4d53-a6ab-216c332b7658","ef3b6d40-bd75-4ac9-b187-78ff544ecd86","4","2023-06-12 15:05:07","2023-06-12 15:05:07",NULL
"cdeaaeb0-40fd-4a0b-a3f5-bee279316169","99643751-7ed9-40a7-a08f-d2fac8a31a0e","e8423779-ca8a-4e9a-86b1-34e3bb1aee57","4","2023-06-12 15:05:07","2023-06-12 15:05:07",NULL
"cdee2bb0-62e3-4196-86b8-d88563dfe8cc","99643751-b8b2-4d53-a6ab-216c332b7658","d908b337-c91a-4f62-a975-e219c063849e","5","2023-06-12 15:05:07","2023-06-12 15:05:07",NULL
"cef541d6-0c38-4a41-bbe6-88b84de3232f","99643751-1246-4619-9b46-9c8370c0316a","e0923aa7-6428-4b1c-ad55-358bfee88999","2","2023-06-12 15:05:07","2023-06-12 15:05:07",NULL
"cf4d32ab-b139-4744-a49c-03ac97f42441","99643750-a86f-491a-8b2a-4bf0b36e0a6c","ad22d0f9-132c-4001-9f1c-de0db0c0d3b8","5","2023-06-12 15:05:07","2023-06-12 15:05:07",NULL
"cfbf6420-43ac-48ad-a5a4-7789d571c12e","99643752-313d-4809-9a1c-d40ce46cd932","ef3b6d40-bd75-4ac9-b187-78ff544ecd86","2","2023-06-12 15:05:07","2023-06-12 15:05:07",NULL
"d1eda3ff-f295-41f8-b434-9a82f293efff","99643750-a86f-491a-8b2a-4bf0b36e0a6c","0254e694-de1b-4167-997b-50feaeec00be","5","2023-06-12 15:05:07","2023-06-12 15:05:07",NULL
"d25c8cb7-d8b5-4271-9e6d-0accf4299b25","99643750-8e06-4ed9-b3f0-48528babe8f8","c9a888fa-aa9d-4adb-ba41-f37cf7a0e3f5","3","2023-06-12 15:05:07","2023-06-12 15:05:07",NULL
"d2619c1c-5bfc-4564-a7e5-947629019404","99643750-a86f-491a-8b2a-4bf0b36e0a6c","d908b337-c91a-4f62-a975-e219c063849e","5","2023-06-12 15:05:07","2023-06-12 15:05:07",NULL
"d2d75c85-343c-4077-8418-58f2ce6a4810","99643750-8e06-4ed9-b3f0-48528babe8f8","0e953777-2865-4114-b273-75ac775abb55","5","2023-06-12 15:05:07","2023-06-12 15:05:07",NULL
"d37c3dff-be8e-4c41-ba6f-73306d63116a","99643751-7ed9-40a7-a08f-d2fac8a31a0e","e9e64186-2708-4759-bef6-a0dcba18f178","1","2023-06-12 15:05:07","2023-06-12 15:05:07",NULL
"d37cfafd-b954-4233-9b61-253b483a4dbd","99643751-464d-4ba9-88ff-57df701f7a29","ef3b6d40-bd75-4ac9-b187-78ff544ecd86","4","2023-06-12 15:05:07","2023-06-12 15:05:07",NULL
"d46e47dd-d7c5-44b8-a10a-84c84b2bee2b","99643750-8e06-4ed9-b3f0-48528babe8f8","fd398ae1-ea73-4ec3-b762-3d4edfda4709","5","2023-06-12 15:05:07","2023-06-12 15:05:07",NULL
"d5a2a78a-513f-4973-ba8a-8d339c5e3c5b","99643750-8e06-4ed9-b3f0-48528babe8f8","542d33a2-0033-4335-9b7c-e663c8a41abf","1","2023-06-12 15:05:07","2023-06-12 15:05:07",NULL
"d669526a-7907-4a83-b9f1-ca16a6dd5834","99643750-550a-427c-a194-bb9a52d6e1b1","cdf71795-2aef-4838-968c-b821b3a20287","5","2023-06-12 15:05:07","2023-06-12 15:05:07",NULL
"d69a7f87-ba87-4f28-a0d1-477085a0011f","99643751-464d-4ba9-88ff-57df701f7a29","ce4b2672-1482-4bcb-adfc-3da2c6d3373e","2","2023-06-12 15:05:07","2023-06-12 15:05:07",NULL
"d6a4a8ad-a326-470e-a9f4-35d818b6a8c5","99643750-7126-43c9-8853-645e687a429a","ad22d0f9-132c-4001-9f1c-de0db0c0d3b8","3","2023-06-12 15:05:07","2023-06-12 15:05:07",NULL
"d70f9262-086f-4da3-bed7-4590323022ac","99643751-b8b2-4d53-a6ab-216c332b7658","fd398ae1-ea73-4ec3-b762-3d4edfda4709","2","2023-06-12 15:05:07","2023-06-12 15:05:07",NULL
"d7ee5608-3691-4473-8f98-1aeece883578","99643750-7126-43c9-8853-645e687a429a","82a1ecc8-f28d-4f1b-80e1-72f88bba3b08","3","2023-06-12 15:05:07","2023-06-12 15:05:07",NULL
"d82ab047-71a5-4059-b101-4984bebb7d40","99643751-464d-4ba9-88ff-57df701f7a29","757046ec-943e-4eab-9694-46d61f1bcf42","4","2023-06-12 15:05:07","2023-06-12 15:05:07",NULL
"d8c4ae23-9c53-4120-8b2f-df65b7b5c226","99643752-313d-4809-9a1c-d40ce46cd932","6c1fe044-8129-4bfa-9d13-839e6ad2ed2b","2","2023-06-12 15:05:07","2023-06-12 15:05:07",NULL
"d905c943-919c-4a58-9690-07b7ba7ea7a6","99643750-df3f-44c8-ba31-60589bf9db59","e8423779-ca8a-4e9a-86b1-34e3bb1aee57","4","2023-06-12 15:05:07","2023-06-12 15:05:07",NULL
"dc4e96be-6e66-49ef-9bf1-e08b48dca7a2","99643751-464d-4ba9-88ff-57df701f7a29","4792bff9-0d5f-4777-87aa-e17246642ad1","2","2023-06-12 15:05:07","2023-06-12 15:05:07",NULL
"e0e25038-e90d-4d42-a570-2a2feff7c66e","99643751-e19e-4013-937f-3764f406b860","f06845e0-6da1-4ad7-808c-3619bea69dd4","4","2023-06-12 15:05:07","2023-06-12 15:05:07",NULL
"e124a5b4-f54a-4de9-b67b-d6c68c55fd05","99643751-7ed9-40a7-a08f-d2fac8a31a0e","82a1ecc8-f28d-4f1b-80e1-72f88bba3b08","1","2023-06-12 15:05:07","2023-06-12 15:05:07",NULL
"e256020d-9589-447a-b8b8-b207404d3d3f","99643751-e19e-4013-937f-3764f406b860","cd8e06e6-927c-4a48-95d8-d1834256d172","4","2023-06-12 15:05:07","2023-06-12 15:05:07",NULL
"e33872c7-a258-4ae4-b604-00b999639cff","99643751-6115-4bbe-b615-5ecea70010e7","0254e694-de1b-4167-997b-50feaeec00be","1","2023-06-12 15:05:07","2023-06-12 15:05:07",NULL
"e3742c7b-360d-4aba-9762-2b776957a7ce","99643750-8e06-4ed9-b3f0-48528babe8f8","0254e694-de1b-4167-997b-50feaeec00be","5","2023-06-12 15:05:07","2023-06-12 15:05:07",NULL
"e4ded0e3-083e-4715-aecf-f6ddd48983c9","99643752-313d-4809-9a1c-d40ce46cd932","e0923aa7-6428-4b1c-ad55-358bfee88999","3","2023-06-12 15:05:07","2023-06-12 15:05:07",NULL
"e6a7e7db-fa6d-46d6-861c-84b2082256b0","99643751-6115-4bbe-b615-5ecea70010e7","82a1ecc8-f28d-4f1b-80e1-72f88bba3b08","4","2023-06-12 15:05:07","2023-06-12 15:05:07",NULL
"e85f31c9-2269-4505-81fb-bd98373ee215","99643752-0aef-4f10-97d9-692bc70a51e2","ee1422f9-84f1-4c7d-963f-4618000337be","4","2023-06-12 15:05:07","2023-06-12 15:05:07",NULL
"e8ca025f-2123-4f97-974e-8118caa2c02f","99643752-0aef-4f10-97d9-692bc70a51e2","4792bff9-0d5f-4777-87aa-e17246642ad1","5","2023-06-12 15:05:07","2023-06-12 15:05:07",NULL
"eb10c0ce-fad4-4dfe-9c07-d27b1fab5054","99643751-1246-4619-9b46-9c8370c0316a","4792bff9-0d5f-4777-87aa-e17246642ad1","2","2023-06-12 15:05:07","2023-06-12 15:05:07",NULL
"f2409179-1570-4608-861c-9f48ff551e54","99643750-7126-43c9-8853-645e687a429a","f06845e0-6da1-4ad7-808c-3619bea69dd4","5","2023-06-12 15:05:07","2023-06-12 15:05:07",NULL
"f2b720d2-3854-4315-b0f6-ed392daac64b","99643750-c5d9-4846-b1bf-be5afe8f3d23","757046ec-943e-4eab-9694-46d61f1bcf42","4","2023-06-12 15:05:07","2023-06-12 15:05:07",NULL
"f4155b67-fcc2-4d0d-8605-a2c8c31c82a8","99643751-6115-4bbe-b615-5ecea70010e7","cd8e06e6-927c-4a48-95d8-d1834256d172","5","2023-06-12 15:05:07","2023-06-12 15:05:07",NULL
"f7fa5a77-56cd-4e8d-824b-64950a5c769e","99643750-7126-43c9-8853-645e687a429a","e9e64186-2708-4759-bef6-a0dcba18f178","2","2023-06-12 15:05:07","2023-06-12 15:05:07",NULL
"fb8ea4b6-6b2a-47b7-bc9f-1edb63886f82","99643750-7126-43c9-8853-645e687a429a","757046ec-943e-4eab-9694-46d61f1bcf42","4","2023-06-12 15:05:07","2023-06-12 15:05:07",NULL
"fca1e5dc-2d20-48d1-b661-a352dcba4eb4","99643751-464d-4ba9-88ff-57df701f7a29","ad22d0f9-132c-4001-9f1c-de0db0c0d3b8","1","2023-06-12 15:05:07","2023-06-12 15:05:07",NULL
"fefb1fea-8267-4f59-8cf0-390ddb51b17a","99643752-313d-4809-9a1c-d40ce46cd932","1372ccfa-1039-4d09-8984-e93fd96cc6d2","2","2023-06-12 15:05:07","2023-06-12 15:05:07",NULL
